benchmark,task_count,repo_loc_mean,repo_loc_median,repo_loc_std,repo_loc_min,repo_loc_25pct,repo_loc_75pct,repo_loc_max,patch_added_mean,patch_added_median,patch_added_std,patch_added_min,patch_added_max,patch_deleted_mean,patch_deleted_median,patch_deleted_std,patch_deleted_min,patch_deleted_max,patch_total_mean,patch_total_median,patch_total_std,patch_total_min,patch_total_max,top1_language,top1_tasks,top1_loc_mean,top2_language,top2_tasks,top2_loc_mean,top3_language,top3_tasks,top3_loc_mean
Multi-SWE-bench,1632,180304.037377451,80034.0,581743.524358614,1203,46152.75,108962.0,7844174,119.99571078431373,24.0,482.379362915744,0,12751,43.213848039215684,5.0,232.84861704388217,0,6151,163.20955882352942,33.0,688.1635689929217,1,18902,HTML,777,93267.38996138996,JavaScript,768,146303.40234375,TypeScript,515.0,57259.66019417476
SWE-Bench Multilingual,300,173370.73666666666,121978.5,208307.5854996716,3106,39835.75,215368.5,1273605,28.873333333333335,7.0,112.52779941430313,1,1561,18.89666666666667,2.0,111.58130345098871,0,1617,47.77,10.0,222.8831084524909,1,3178,HTML,205,6484.263414634146,JavaScript,183,16527.234972677597,Python,85.0,15637.729411764705
SWE-Bench Pro,731,276079.43091655266,105269.0,401687.1051178013,13042,76865.0,228465.0,2106344,120.3406292749658,63.0,152.54493244776728,20,1467,49.238030095759235,20.0,89.53830268449929,0,805,169.57865937072503,94.0,213.7340244036716,20,2028,JavaScript,621,17030.512077294687,Python,484,91847.14462809918,Go,376.0,227651.15159574468
SWE-Bench Verified,500,292877.904,307437.0,139524.10579278888,8094,179160.5,392303.75,597353,9.944,4.0,17.86861603140421,0,202,4.39,2.0,8.347770393409379,0,89,14.334,7.0,23.92972434891028,1,232,Python,500,263636.142,JavaScript,373,18015.319034852546,C,132.0,43473.78787878788
SWE-Lancer,198,536827.2474747475,521699.0,145429.21754803564,396648,521699.0,521699.0,1967484,16.67676767676768,4.0,37.06362434244024,0,281,16.732323232323232,5.5,30.875450890175518,0,216,33.40909090909091,14.0,54.723757757748594,1,308,JavaScript,198,235025.85858585857,TypeScript,198,299962.29292929295,,,
SWE-PolyBench,2110,257887.3018957346,72201.5,323551.41197314585,1996,39196.0,375930.25,1070625,35.240758293838866,13.0,76.49853240312845,0,1306,15.919905213270143,4.0,43.634965077632884,0,1018,51.16066350710901,19.0,109.77070056377637,1,2144,JavaScript,1890,98985.63862433862,TypeScript,1446,142206.45850622407,Python,801.0,118984.32958801498
