benchmark,task_count,repo_loc_mean,repo_loc_median,repo_loc_std,repo_loc_min,repo_loc_25pct,repo_loc_75pct,repo_loc_max,patch_added_mean,patch_added_median,patch_added_std,patch_added_min,patch_added_max,patch_deleted_mean,patch_deleted_median,patch_deleted_std,patch_deleted_min,patch_deleted_max,patch_total_mean,patch_total_median,patch_total_std,patch_total_min,patch_total_max,top1_language,top1_tasks,top1_loc_mean,top2_language,top2_tasks,top2_loc_mean,top3_language,top3_tasks,top3_loc_mean
multi_swe_bench,1632,180304.037377451,80034.0,581743.5243586141,1203,46152.75,108962.0,7844174,119.99571078431373,24.0,482.379362915744,0,12751,43.213848039215684,5.0,232.8486170438822,0,6151,163.20955882352942,33.0,688.1635689929217,1,18902,HTML,777,93267.38996138996,JavaScript,768,146303.40234375,TypeScript,515,57259.66019417476
swe_bench_multilingual,300,169208.79,121831.5,208050.20200379193,3106,33339.0,212394.75,1273605,28.873333333333335,7.0,112.52779941430313,1,1561,18.89666666666667,2.0,111.58130345098871,0,1617,47.77,10.0,222.8831084524909,1,3178,HTML,205,6484.263414634146,JavaScript,183,16527.234972677597,Python,85,15637.729411764705
swe_bench_pro,731,266536.10670314636,105269.0,383853.7831039986,13042,76865.0,228465.0,1994638,120.3406292749658,63.0,152.54493244776728,20,1467,49.238030095759235,20.0,89.53830268449929,0,805,169.57865937072503,94.0,213.7340244036716,20,2028,HTML,645,2842.260465116279,JavaScript,621,17030.512077294687,Python,484,91847.14462809918
swe_bench_verified,500,290218.2,305777.0,136722.5271994473,8050,178762.25,389819.75,581244,9.944,4.0,17.86861603140421,0,202,4.39,2.0,8.347770393409379,0,89,14.334,7.0,23.92972434891028,1,232,Python,500,261732.54,HTML,491,2380.6985743380856,JavaScript,373,17001.77747989276
swe_lancer,198,536827.2474747475,521699.0,145429.21754803564,396648,521699.0,521699.0,1967484,16.67676767676768,4.0,37.06362434244024,0,281,16.732323232323232,5.5,30.875450890175518,0,216,33.40909090909091,14.0,54.7237577577486,1,308,C,198,31.671717171717173,Java,198,707.4040404040404,JavaScript,198,235025.85858585857
